"","gene","description","Diet"
"1","AAAS","product aladin WD repeat nucleoporin","ProteinUp"
"2","ACAD11","product acyl-CoA dehydrogenase family member 11","ProteinUp"
"3","ACER1","product alkaline ceramidase 1, transcript variant X2","ProteinUp"
"4","ADNP2","product ADNP homeobox 2, transcript variant X2","LipidUp"
"5","ADPGK","product ADP dependent glucokinase, transcript variant X2","ProteinUp"
"6","AIG1","product androgen-induced gene 1 protein","ProteinUp"
"7","ALDH18A1","product delta-1-pyrroline-5-carboxylate synthase isoform X4","ProteinUp"
"8","ALG11","product GDP-Man:Man(3)GlcNAc(2)-PP-Dol alpha-1,2-mannosyltransferase isoform X2","ProteinUp"
"9","AMPD3","product AMP deaminase 3 isoform X2","ProteinUp"
"10","ANKEF1","product ankyrin repeat and EF-hand domain-containing protein 1 isoform X2","ProteinUp"
"11","ANKRD13D","product ankyrin repeat domain-containing protein 13D","LipidUp"
"12","ANKRD42","product ankyrin repeat domain-containing protein 42 isoform X6","LipidUp"
"13","ANO6","product anoctamin-6","ProteinUp"
"14","AOX1","product aldehyde oxidase isoform X3","ProteinUp"
"15","AP2S1","product AP-2 complex subunit sigma","ProteinUp"
"16","AP4E1","product AP-4 complex subunit epsilon-1 isoform X2","ProteinUp"
"17","APBB1","product amyloid beta precursor protein binding family B member 1","ProteinUp"
"18","ARHGAP18","product Rho GTPase activating protein 18, transcript variant X4","ProteinUp"
"19","ARHGEF9","product rho guanine nucleotide exchange factor 9 isoform X9","LipidUp"
"20","ARID5B","product AT-rich interactive domain-containing protein 5B","LipidUp"
"21","ARMC10","product armadillo repeat-containing protein 10 isoform X2","ProteinUp"
"22","ARNTL2","product aryl hydrocarbon receptor nuclear translocator-like protein 2 isoform X5","ProteinUp"
"23","ARSG","product arylsulfatase G, transcript variant X3","LipidUp"
"24","ATG10","product ubiquitin-like-conjugating enzyme ATG10 isoform X2","ProteinUp"
"25","ATG7","product ubiquitin-like modifier-activating enzyme ATG7 isoform X2","ProteinUp"
"26","ATP1B3","product sodium/potassium-transporting ATPase subunit beta-3","ProteinUp"
"27","ATP5F1E","product ATP synthase subunit epsilon, mitochondrial","ProteinUp"
"28","ATP6V1H","product V-type proton ATPase subunit H","ProteinUp"
"29","ATP8A1","product phospholipid-transporting ATPase IA isoform X4","ProteinUp"
"30","ATXN7L1","product ataxin-7-like protein 1 isoform X4","ProteinUp"
"31","AVPI1","product arginine vasopressin-induced protein 1","LipidUp"
"32","B3GNT5","product UDP-GlcNAc:betaGal beta-1,3-N-acetylglucosaminyltransferase 5, transcript variant X9","LipidUp"
"33","BACH2","product transcription regulator protein BACH2","LipidUp"
"34","BAHCC1","product LOW QUALITY PROTEIN: BAH and coiled-coil domain-containing protein 1","LipidUp"
"35","BBS10","product Bardet-Biedl syndrome 10 protein","ProteinUp"
"36","BCL11B","product B-cell lymphoma/leukemia 11B isoform X7","LipidUp"
"37","BPGM","product bisphosphoglycerate mutase, transcript variant X4","ProteinUp"
"38","BRICD5","product BRICHOS domain-containing protein 5","LipidUp"
"39","CAPN10","product calpain 10, transcript variant X4","ProteinUp"
"40","CASP7","product caspase-7","ProteinUp"
"41","CBX8","product chromobox protein homolog 8","ProteinUp"
"42","CCDC112","product coiled-coil domain-containing protein 112","ProteinUp"
"43","CCDC166","product coiled-coil domain-containing protein 166","LipidUp"
"44","CCDC17","product coiled-coil domain-containing protein 17","LipidUp"
"45","CCDC61","product coiled-coil domain-containing protein 61","ProteinUp"
"46","CCDC93","product coiled-coil domain-containing protein 93","ProteinUp"
"47","CCND1","product G1/S-specific cyclin-D1","ProteinUp"
"48","CCNE2","product G1/S-specific cyclin-E2 isoform X2","LipidUp"
"49","CCR7","product C-C motif chemokine receptor 7","LipidUp"
"50","CD109","product CD109 molecule, transcript variant X2","ProteinUp"
"51","CD2","product T-cell surface antigen CD2","LipidUp"
"52","CD28","product T-cell-specific surface glycoprotein CD28 isoform X2","LipidUp"
"53","CD4","product T-cell surface glycoprotein CD4","LipidUp"
"54","CD5","product T-cell surface glycoprotein CD5","LipidUp"
"55","CD6","product T-cell differentiation antigen CD6","LipidUp"
"56","CDK14","product cyclin dependent kinase 14, transcript variant X5","LipidUp"
"57","CELA1","product chymotrypsin-like elastase family member 1","LipidUp"
"58","CEP131","product centrosomal protein of 131 kDa isoform X3","LipidUp"
"59","CEP76","product centrosomal protein of 76 kDa isoform X2","ProteinUp"
"60","CHADL","product chondroadherin like, transcript variant X2","ProteinUp"
"61","CHMP2B","product charged multivesicular body protein 2B","ProteinUp"
"62","CIAO2B","product cytosolic iron-sulfur assembly component 2B","ProteinUp"
"63","CIPC","product CLOCK interacting pacemaker, transcript variant X5","ProteinUp"
"64","CLBA1","product uncharacterized protein CLBA1","LipidUp"
"65","CLCN6","product chloride voltage-gated channel 6","LipidUp"
"66","CLRN1","product clarin-1","ProteinUp"
"67","CMC1","product C-X9-C motif containing 1","ProteinUp"
"68","CNDP2","product cytosolic non-specific dipeptidase","ProteinUp"
"69","COL9A3","product collagen type IX alpha 3 chain","ProteinUp"
"70","COMT","product catechol-O-methyltransferase, transcript variant X8","ProteinUp"
"71","COPRS","product coordinator of PRMT5 and differentiation stimulator, transcript variant X7","ProteinUp"
"72","COPS9","product LOW QUALITY PROTEIN: COP9 signalosome complex subunit 9","ProteinUp"
"73","CPNE2","product copine 2, transcript variant X4","ProteinUp"
"74","CPT1A","product carnitine palmitoyltransferase 1A, transcript variant X2","ProteinUp"
"75","CRABP2","product cellular retinoic acid-binding protein 2","ProteinUp"
"76","CRADD","product death domain-containing protein CRADD","ProteinUp"
"77","CREB3L3","product LOW QUALITY PROTEIN: cyclic AMP-responsive element-binding protein 3-like protein 3","ProteinUp"
"78","CRYBB2","product crystallin beta B2, transcript variant X2","ProteinUp"
"79","CRYGS","product gamma-crystallin S isoform X2","LipidUp"
"80","CTBP2","product C-terminal binding protein 2, transcript variant X2","LipidUp"
"81","CTSD","product cathepsin D","ProteinUp"
"82","CTSL","product cathepsin L, transcript variant X2","ProteinUp"
"83","CTTN","product src substrate cortactin isoform X4","ProteinUp"
"84","CUNH12orf75","product overexpressed in colon carcinoma 1 protein isoform X3","ProteinUp"
"85","CUNH19orf12","product protein C19orf12 homolog isoform X3","LipidUp"
"86","CUNH1orf167","product uncharacterized protein C1orf167 homolog isoform X3","ProteinUp"
"87","CUNH1orf52","product UPF0690 protein C1orf52 homolog","LipidUp"
"88","CUNH22orf15","product uncharacterized protein C22orf15 homolog","LipidUp"
"89","CUNH5orf49","product uncharacterized protein C5orf49 homolog","LipidUp"
"90","CUNH6orf120","product UPF0669 protein C6orf120 homolog","ProteinUp"
"91","CWC27","product spliceosome-associated protein CWC27 homolog","ProteinUp"
"92","DAP3","product death associated protein 3","ProteinUp"
"93","DARS1","product aspartyl-tRNA synthetase 1","ProteinUp"
"94","DCTN2","product dynactin subunit 2","ProteinUp"
"95","DDB2","product DNA damage-binding protein 2","ProteinUp"
"96","DDIT4","product DNA damage-inducible transcript 4 protein","LipidUp"
"97","DDX18","product DEAD-box helicase 18","ProteinUp"
"98","DECR1","product 2,4-dienoyl-CoA reductase, mitochondrial","ProteinUp"
"99","DEK","product protein DEK","ProteinUp"
"100","DEPDC1","product DEP domain-containing protein 1A isoform X2","LipidUp"
"101","DHRS7","product dehydrogenase/reductase SDR family member 7","ProteinUp"
"102","DHTKD1","product probable 2-oxoglutarate dehydrogenase E1 component DHKTD1, mitochondrial","ProteinUp"
"103","DHX35","product probable ATP-dependent RNA helicase DHX35 isoform X2","ProteinUp"
"104","DIS3","product exosome complex exonuclease RRP44","LipidUp"
"105","DLG5","product disks large homolog 5 isoform X4","ProteinUp"
"106","DMC1","product meiotic recombination protein DMC1/LIM15 homolog","LipidUp"
"107","DNALI1","product dynein axonemal light intermediate chain 1","LipidUp"
"108","DPF3","product zinc finger protein DPF3 isoform X8","ProteinUp"
"109","DTNBP1","product dystrobrevin binding protein 1, transcript variant X3","ProteinUp"
"110","DUSP16","product dual specificity protein phosphatase 16","ProteinUp"
"111","DUT","product deoxyuridine triphosphatase, transcript variant X3","ProteinUp"
"112","EAPP","product E2F-associated phosphoprotein","ProteinUp"
"113","EARS2","product probable glutamate--tRNA ligase, mitochondrial","LipidUp"
"114","EEF2KMT","product protein-lysine N-methyltransferase EEF2KMT isoform X3","ProteinUp"
"115","EFHB","product EF-hand domain family member B","ProteinUp"
"116","EFL1","product elongation factor like GTPase 1, transcript variant X3","ProteinUp"
"117","EIF1B","product eukaryotic translation initiation factor 1B, transcript variant X2","ProteinUp"
"118","EIF2AK4","product LOW QUALITY PROTEIN: eIF-2-alpha kinase GCN2","ProteinUp"
"119","ELK4","product LOW QUALITY PROTEIN: ETS domain-containing protein Elk-4","LipidUp"
"120","ENY2","product transcription and mRNA export factor ENY2","ProteinUp"
"121","EPM2A","product laforin isoform X2","ProteinUp"
"122","ERCC6","product ERCC excision repair 6, chromatin remodeling factor, transcript variant X3","ProteinUp"
"123","ERICH1","product glutamate-rich protein 1","ProteinUp"
"124","ERV3-1","product endogenous retrovirus group 3 member 1 Env polyprotein","LipidUp"
"125","ETFRF1","product electron transfer flavoprotein regulatory factor 1, transcript variant X3","ProteinUp"
"126","ETV7","product transcription factor ETV7 isoform X2","ProteinUp"
"127","EXOC3","product exocyst complex component 3","ProteinUp"
"128","EXOC4","product exocyst complex component 4","ProteinUp"
"129","EXT2","product exostosin glycosyltransferase 2","ProteinUp"
"130","FABP6","product gastrotropin","ProteinUp"
"131","FAH","product fumarylacetoacetate hydrolase","ProteinUp"
"132","FAM118B","product protein FAM118B isoform X3","LipidUp"
"133","FAM120B","product family with sequence similarity 120B, transcript variant X3","ProteinUp"
"134","FAM161A","product protein FAM161A isoform X4","ProteinUp"
"135","FAM162A","product protein FAM162A isoform X2","LipidUp"
"136","FAM180B","product protein FAM180B","ProteinUp"
"137","FAM222A","product protein FAM222A","ProteinUp"
"138","FASTKD3","product FAST kinase domains 3, transcript variant X2","ProteinUp"
"139","FAXC","product failed axon connections homolog, metaxin like GST domain containing","ProteinUp"
"140","FAXDC2","product fatty acid hydroxylase domain-containing protein 2","LipidUp"
"141","FBLIM1","product filamin binding LIM protein 1, transcript variant X3","ProteinUp"
"142","FBXL5","product F-box/LRR-repeat protein 5","LipidUp"
"143","FBXO25","product F-box protein 25, transcript variant X3","ProteinUp"
"144","FBXO31","product F-box protein 31","LipidUp"
"145","FGF22","product fibroblast growth factor 22","ProteinUp"
"146","FHIT","product fragile histidine triad diadenosine triphosphatase, transcript variant X5","ProteinUp"
"147","FHL3","product four and a half LIM domains protein 3","LipidUp"
"148","FILIP1","product filamin A interacting protein 1, transcript variant X4","LipidUp"
"149","FOCAD","product focadhesin","ProteinUp"
"150","GALNT1","product polypeptide N-acetylgalactosaminyltransferase 1, transcript variant X2","ProteinUp"
"151","GANC","product neutral alpha-glucosidase C isoform X2","ProteinUp"
"152","GC","product LOW QUALITY PROTEIN: vitamin D-binding protein","ProteinUp"
"153","GGCT","product gamma-glutamylcyclotransferase","ProteinUp"
"154","GINS1","product GINS complex subunit 1","ProteinUp"
"155","GKN2","product gastrokine-2","ProteinUp"
"156","GMPR","product guanosine monophosphate reductase, transcript variant X2","ProteinUp"
"157","GORASP1","product Golgi reassembly-stacking protein 1","ProteinUp"
"158","GPM6B","product neuronal membrane glycoprotein M6-b isoform X6","LipidUp"
"159","GPR17","product uracil nucleotide/cysteinyl leukotriene receptor","ProteinUp"
"160","GPT","product LOW QUALITY PROTEIN: alanine aminotransferase 1","ProteinUp"
"161","GRAP2","product GRB2 related adaptor protein 2, transcript variant X2","LipidUp"
"162","GRB10","product growth factor receptor bound protein 10, transcript variant X3","ProteinUp"
"163","GSAP","product gamma-secretase activating protein, transcript variant X3","ProteinUp"
"164","GSTK1","product glutathione S-transferase kappa 1","ProteinUp"
"165","GTF3A","product transcription factor IIIA isoform X2","ProteinUp"
"166","HADHA","product trifunctional enzyme subunit alpha, mitochondrial","ProteinUp"
"167","HAPLN2","product hyaluronan and proteoglycan link protein 2, transcript variant X2","ProteinUp"
"168","HAUS3","product HAUS augmin like complex subunit 3, transcript variant X3","ProteinUp"
"169","HEATR1","product HEAT repeat-containing protein 1","ProteinUp"
"170","HENMT1","product small RNA 2'-O-methyltransferase isoform X2","ProteinUp"
"171","HEPH","product hephaestin, transcript variant X5","LipidUp"
"172","HEXIM1","product LOW QUALITY PROTEIN: protein HEXIM1","LipidUp"
"173","HJURP","product Holliday junction recognition protein, transcript variant X2","ProteinUp"
"174","HOGA1","product 4-hydroxy-2-oxoglutarate aldolase, mitochondrial","ProteinUp"
"175","HPD","product 4-hydroxyphenylpyruvate dioxygenase","LipidUp"
"176","HPGDS","product hematopoietic prostaglandin D synthase","ProteinUp"
"177","HS2ST1","product heparan sulfate 2-O-sulfotransferase 1","ProteinUp"
"178","HYI","product putative hydroxypyruvate isomerase isoform X2","ProteinUp"
"179","IDH1","product isocitrate dehydrogenase [NADP] cytoplasmic","ProteinUp"
"180","IER3","product radiation-inducible immediate-early gene IEX-1","LipidUp"
"181","IER5L","product LOW QUALITY PROTEIN: immediate early response gene 5-like protein","LipidUp"
"182","IFIH1","product interferon induced with helicase C domain 1, transcript variant X2","ProteinUp"
"183","IFT27","product intraflagellar transport protein 27 homolog isoform X2","ProteinUp"
"184","IFT46","product intraflagellar transport protein 46 homolog isoform X3","LipidUp"
"185","IFT52","product intraflagellar transport protein 52 homolog isoform X2","ProteinUp"
"186","IFT74","product intraflagellar transport protein 74 homolog isoform X4","ProteinUp"
"187","IL15","product interleukin 15, transcript variant X3","ProteinUp"
"188","IL7","product interleukin-7","ProteinUp"
"189","IMPACT","product protein IMPACT isoform X4","ProteinUp"
"190","INO80C","product INO80 complex subunit C","ProteinUp"
"191","IRF2BP2","product LOW QUALITY PROTEIN: interferon regulatory factor 2-binding protein 2","ProteinUp"
"192","IRS1","product insulin receptor substrate 1","ProteinUp"
"193","IRS2","product LOW QUALITY PROTEIN: insulin receptor substrate 2","LipidUp"
"194","ISM2","product isthmin-2","ProteinUp"
"195","ITGA1","product integrin subunit alpha 1","ProteinUp"
"196","ITM2B","product integral membrane protein 2B, transcript variant X2","ProteinUp"
"197","ITPR3","product inositol 1,4,5-trisphosphate receptor type 3, transcript variant X3","LipidUp"
"198","JMJD8","product jumonji domain containing 8","LipidUp"
"199","KBTBD4","product kelch repeat and BTB domain-containing protein 4 isoform X2","ProteinUp"
"200","KIAA0586","product protein TALPID3 isoform X2","LipidUp"
"201","KIAA1549L","product UPF0606 protein KIAA1549L homolog","ProteinUp"
"202","KIF16B","product kinesin-like protein KIF16B isoform X3","ProteinUp"
"203","KLF9","product LOW QUALITY PROTEIN: Krueppel-like factor 9","ProteinUp"
"204","L2HGDH","product L-2-hydroxyglutarate dehydrogenase, mitochondrial","ProteinUp"
"205","LAMB2","product laminin subunit beta 2, transcript variant X2","LipidUp"
"206","LAMTOR5","product ragulator complex protein LAMTOR5","ProteinUp"
"207","LARS2","product probable leucine--tRNA ligase, mitochondrial","ProteinUp"
"208","LATS2","product serine/threonine-protein kinase LATS2","LipidUp"
"209","LCK","product tyrosine-protein kinase Lck","LipidUp"
"210","LGALS8","product galectin 8, transcript variant X2","ProteinUp"
"211","LIMA1","product LIM domain and actin-binding protein 1 isoform X3","LipidUp"
"212","LOC103812301","product DNA repair protein complementing XP-G cells-like, transcript variant X2","ProteinUp"
"213","LOC103812474","product taste receptor type 2 member 40-like","LipidUp"
"214","LOC103812659","product coagulation factor X-like","ProteinUp"
"215","LOC103813172","product fatty acid-binding protein, adipocyte","ProteinUp"
"216","LOC103813342","product LOW QUALITY PROTEIN: histone H3","LipidUp"
"217","LOC103813344","product histone H3-like","LipidUp"
"218","LOC103813686","product ankyrin repeat domain-containing protein 26-like, transcript variant X3","ProteinUp"
"219","LOC103813813","product cytochrome c oxidase subunit 6C-2, transcript variant X2","ProteinUp"
"220","LOC103814667","product sterol 26-hydroxylase, mitochondrial","ProteinUp"
"221","LOC103814852","product pancreatic alpha-amylase","ProteinUp"
"222","LOC103814853","product pancreatic alpha-amylase-like","LipidUp"
"223","LOC103814889","product retinol dehydrogenase 8-like, transcript variant X2","ProteinUp"
"224","LOC103814960","product feather beta keratin-like","LipidUp"
"225","LOC103815265","product ovocalyxin-32","LipidUp"
"226","LOC103816245","product solute carrier family 22 member 6-B-like","LipidUp"
"227","LOC103816370","product serine/threonine-protein kinase PAK 3, transcript variant X9","ProteinUp"
"228","LOC103816564","product protein Wnt-11b-like","LipidUp"
"229","LOC103816687","product proline-, glutamic acid- and leucine-rich protein 1-like","LipidUp"
"230","LOC103816846","product C-C motif chemokine 3-like","LipidUp"
"231","LOC103817180","product tubulin monoglycylase TTLL3, transcript variant X2","LipidUp"
"232","LOC103817274","product uncharacterized protein LOC103817274 isoform X3","ProteinUp"
"233","LOC103817466","product solute carrier family 22 member 5-like","ProteinUp"
"234","LOC103817490","product copper transport protein ATOX1","ProteinUp"
"235","LOC103817511","product lateral signaling target protein 2 homolog, transcript variant X2","ProteinUp"
"236","LOC103818899","product opsin-5-like","LipidUp"
"237","LOC103819095","product uncharacterized protein LOC103819095 isoform X2","LipidUp"
"238","LOC103819604","product cystine/glutamate transporter-like, transcript variant X7","ProteinUp"
"239","LOC103819677","product cytochrome c oxidase subunit 7A2, mitochondrial","ProteinUp"
"240","LOC103819862","product E3 SUMO-protein ligase ZNF451, transcript variant X3","ProteinUp"
"241","LOC103820036","product C-C motif chemokine 5-like, transcript variant X2","ProteinUp"
"242","LOC103820060","product glutathione S-transferase 3","ProteinUp"
"243","LOC103820069","product glutathione S-transferase-like, transcript variant X5","ProteinUp"
"244","LOC103820112","product uncharacterized protein LOC103820112","ProteinUp"
"245","LOC103820175","product uncharacterized LOC103820175, transcript variant X2","LipidUp"
"246","LOC103820243","product protein spinster homolog 2, transcript variant X2","LipidUp"
"247","LOC103820475","product aldo-keto reductase family 1 member B1-like","ProteinUp"
"248","LOC103821014","product oncostatin-M-specific receptor subunit beta, transcript variant X5","ProteinUp"
"249","LOC103821179","product uncharacterized protein LOC103821179","ProteinUp"
"250","LOC103821188","product cytochrome P450 2K6-like","ProteinUp"
"251","LOC103821265","product serine/threonine-protein kinase PAK 3-like","ProteinUp"
"252","LOC103821310","product glycine N-methyltransferase","ProteinUp"
"253","LOC103821679","product corticotropin-releasing factor receptor 1, transcript variant X2","LipidUp"
"254","LOC103821682","product uncharacterized LOC103821682","ProteinUp"
"255","LOC103821691","product M1-specific T cell receptor alpha chain-like","LipidUp"
"256","LOC103821693","product cathepsin G-like","ProteinUp"
"257","LOC103821740","product gastrin/cholecystokinin-like peptide","LipidUp"
"258","LOC103821799","product E3 ubiquitin-protein ligase RNF113A-like","ProteinUp"
"259","LOC103822142","product acyl-coenzyme A amino acid N-acyltransferase 2, transcript variant X4","LipidUp"
"260","LOC103822244","product uncharacterized LOC103822244","ProteinUp"
"261","LOC103822479","product endonuclease domain-containing 1 protein-like","ProteinUp"
"262","LOC103822613","product ras-related protein Rab-42-like","LipidUp"
"263","LOC103822769","product uncharacterized LOC103822769","LipidUp"
"264","LOC103822992","product protein LYRIC-like","ProteinUp"
"265","LOC103823316","product mediator of RNA polymerase II transcription subunit 20","ProteinUp"
"266","LOC103823331","product myotubularin-related protein 9","LipidUp"
"267","LOC103823412","product uncharacterized LOC103823412, transcript variant X3","LipidUp"
"268","LOC103823444","product probable bifunctional methylenetetrahydrofolate dehydrogenase/cyclohydrolase 2 isoform X3","ProteinUp"
"269","LOC103823783","product uncharacterized LOC103823783","ProteinUp"
"270","LOC103823804","exception rearrangement required for product","ProteinUp"
"271","LOC103823810","product TCR gamma alternate reading frame protein","ProteinUp"
"272","LOC103824205","product transcription cofactor HES-6-like","LipidUp"
"273","LOC103824266","product nuclear pore glycoprotein p62-like","ProteinUp"
"274","LOC103824291","product protein ABHD14B, transcript variant X2","ProteinUp"
"275","LOC103824480","product late histone H2B.L4","ProteinUp"
"276","LOC103824485","product acid-sensing ion channel 1C-like","LipidUp"
"277","LOC103824588","product low density lipoprotein receptor adapter protein 1-like, transcript variant X4","LipidUp"
"278","LOC103824734","product mothers against decapentaplegic homolog 2-like, transcript variant X2","ProteinUp"
"279","LOC103824752","product F-box only protein 41","ProteinUp"
"280","LOC103824862","product uncharacterized LOC103824862","ProteinUp"
"281","LOC103824994","product zinc finger protein 501-like","LipidUp"
"282","LOC103825019","product E3 ubiquitin-protein ligase BRE1B-like","LipidUp"
"283","LOC103825034","product homer protein homolog 3-like","ProteinUp"
"284","LOC103825050","product alpha-actinin-4-like","LipidUp"
"285","LOC103825057","exception rearrangement required for product","ProteinUp"
"286","LOC103825061","product glutamate-rich protein 1","ProteinUp"
"287","LOC103825067","product E3 ubiquitin-protein ligase HUWE1-like","LipidUp"
"288","LOC103825091","product free fatty acid receptor 2","LipidUp"
"289","LOC103825145","product zinc finger protein 436-like, transcript variant X3","LipidUp"
"290","LOC103825248","product splicing factor 1-like","LipidUp"
"291","LOC103825278","product deaminated glutathione amidase","LipidUp"
"292","LOC103825282","product uncharacterized LOC103825282, transcript variant X2","ProteinUp"
"293","LOC103825307","product very long-chain specific acyl-CoA dehydrogenase, mitochondrial-like","LipidUp"
"294","LOC103825383","product chromobox protein homolog 5-like","ProteinUp"
"295","LOC103825396","product sulfotransferase family cytosolic 1B member 1-like","ProteinUp"
"296","LOC103825413","product red-sensitive opsin","ProteinUp"
"297","LOC103825432","product splicing regulatory glutamine/lysine-rich protein 1-like","LipidUp"
"298","LOC103825496","product protein C19orf12 homolog","ProteinUp"
"299","LOC103825502","product beta-1,3-galactosyltransferase 2-like","LipidUp"
"300","LOC103825875","product LOW QUALITY PROTEIN: endonuclease domain-containing 1 protein-like","LipidUp"
"301","LOC103826179","product tyrosine-protein kinase TXK, transcript variant X4","LipidUp"
"302","LOC103826301","product estradiol 17-beta-dehydrogenase 11","ProteinUp"
"303","LOC103826580","product uncharacterized LOC103826580","ProteinUp"
"304","LOC103827225","product NADH dehydrogenase [ubiquinone] 1 subunit C2-like","ProteinUp"
"305","LOC103827237","product transmembrane protein 126A-like, transcript variant X6","LipidUp"
"306","LOC108961180","product 17-beta-hydroxysteroid dehydrogenase 13-like","ProteinUp"
"307","LOC108961323","product uncharacterized protein LOC108961323","ProteinUp"
"308","LOC108961421","product uncharacterized LOC108961421","LipidUp"
"309","LOC108961487","product uncharacterized LOC108961487, transcript variant X2","ProteinUp"
"310","LOC108961505","product uncharacterized LOC108961505","LipidUp"
"311","LOC108961549","product uncharacterized LOC108961549, transcript variant X2","ProteinUp"
"312","LOC108961562","product uncharacterized LOC108961562, transcript variant X2","ProteinUp"
"313","LOC108961573","product uncharacterized LOC108961573","ProteinUp"
"314","LOC108961626","product uncharacterized LOC108961626, transcript variant X2","ProteinUp"
"315","LOC108961628","product uncharacterized protein LOC108961628","ProteinUp"
"316","LOC108961711","product uncharacterized LOC108961711","LipidUp"
"317","LOC108961922","product uncharacterized LOC108961922","ProteinUp"
"318","LOC108961930","product V-set domain containing T-cell activation inhibitor 1-like, transcript variant X3","ProteinUp"
"319","LOC108961935","product uncharacterized LOC108961935","LipidUp"
"320","LOC108962096","product uncharacterized LOC108962096","ProteinUp"
"321","LOC108962263","product uncharacterized LOC108962263","LipidUp"
"322","LOC108962316","product uncharacterized LOC108962316, transcript variant X5","ProteinUp"
"323","LOC108962329","product uncharacterized LOC108962329","ProteinUp"
"324","LOC108962351","product uncharacterized LOC108962351","LipidUp"
"325","LOC108962378","product uncharacterized LOC108962378, transcript variant X3","LipidUp"
"326","LOC108962391","product uncharacterized LOC108962391","ProteinUp"
"327","LOC108962473","product uncharacterized LOC108962473, transcript variant X5","ProteinUp"
"328","LOC108962628","product uncharacterized LOC108962628","LipidUp"
"329","LOC108962681","product uncharacterized LOC108962681","ProteinUp"
"330","LOC108962715","product uncharacterized LOC108962715","ProteinUp"
"331","LOC108962732","product uncharacterized LOC108962732","ProteinUp"
"332","LOC108962840","product uncharacterized LOC108962840, transcript variant X2","ProteinUp"
"333","LOC108962909","product uncharacterized LOC108962909","ProteinUp"
"334","LOC108962939","product uncharacterized LOC108962939, transcript variant X4","ProteinUp"
"335","LOC108963015","product uncharacterized LOC108963015","ProteinUp"
"336","LOC108963175","product uncharacterized LOC108963175, transcript variant X2","ProteinUp"
"337","LOC108963208","product uncharacterized LOC108963208","LipidUp"
"338","LOC108963214","product uncharacterized LOC108963214","LipidUp"
"339","LOC108963283","product protein INSYN2B-like, transcript variant X2","ProteinUp"
"340","LOC108963377","product uncharacterized LOC108963377","LipidUp"
"341","LOC108963382","product uncharacterized LOC108963382","ProteinUp"
"342","LOC108963396","product uncharacterized LOC108963396","ProteinUp"
"343","LOC108963443","product uncharacterized LOC108963443","ProteinUp"
"344","LOC108963542","product uncharacterized LOC108963542","LipidUp"
"345","LOC108963614","product interferon-induced very large GTPase 1-like","ProteinUp"
"346","LOC108963616","exception rearrangement required for product","LipidUp"
"347","LOC108963618","exception rearrangement required for product","LipidUp"
"348","LOC108963622","exception rearrangement required for product","ProteinUp"
"349","LOC108963765","product serine/threonine-protein kinase PAK 3-like","ProteinUp"
"350","LOC108963818","product vacuolar protein sorting-associated protein 74-like","ProteinUp"
"351","LOC108963822","product uncharacterized protein LOC108963822 isoform X2","ProteinUp"
"352","LOC108963824","product uncharacterized LOC108963824","ProteinUp"
"353","LOC108963894","product uncharacterized LOC108963894","ProteinUp"
"354","LOC108963904","product uncharacterized LOC108963904","ProteinUp"
"355","LOC108964053","product uncharacterized protein LOC108964053 isoform X2","LipidUp"
"356","LOC108964100","product uncharacterized LOC108964100","LipidUp"
"357","LOC108964108","product uncharacterized LOC108964108, transcript variant X4","ProteinUp"
"358","LOC108964109","product basic proline-rich protein-like","LipidUp"
"359","LOC108964137","product uncharacterized LOC108964137","ProteinUp"
"360","LOC108964159","product uncharacterized LOC108964159, transcript variant X4","ProteinUp"
"361","LOC108964163","product pre-mRNA-processing factor 39-like","LipidUp"
"362","LOC108964164","product uncharacterized LOC108964164","LipidUp"
"363","LOC108964171","product uncharacterized LOC108964171","LipidUp"
"364","LOC108964187","product V-type proton ATPase catalytic subunit A-like","LipidUp"
"365","LOC108964189","product bifunctional epoxide hydrolase 2-like","LipidUp"
"366","LOC108964202","product uncharacterized LOC108964202","LipidUp"
"367","LOC108964211","product secernin-2-like","LipidUp"
"368","LOC108964224","product uncharacterized LOC108964224","ProteinUp"
"369","LOC108964228","product uncharacterized LOC108964228","LipidUp"
"370","LOC108964489","product uncharacterized LOC108964489","LipidUp"
"371","LOC108964630","product uncharacterized protein LOC108964630","ProteinUp"
"372","LOC115483874","product uncharacterized LOC115483874","LipidUp"
"373","LOC115483902","product uncharacterized LOC115483902","ProteinUp"
"374","LOC115483951","product anoctamin-8-like","ProteinUp"
"375","LOC115483954","product uncharacterized LOC115483954","ProteinUp"
"376","LOC115483962","product uncharacterized LOC115483962","ProteinUp"
"377","LOC115483985","product uncharacterized LOC115483985","LipidUp"
"378","LOC115484022","product proto-oncogene vav-like","ProteinUp"
"379","LOC115484047","product uncharacterized LOC115484047, transcript variant X2","ProteinUp"
"380","LOC115484057","product collagen alpha-1(I) chain-like","ProteinUp"
"381","LOC115484058","product tRNA-dihydrouridine(20) synthase [NAD(P)+]-like","ProteinUp"
"382","LOC115484070","product uncharacterized protein LOC115484070 isoform X2","ProteinUp"
"383","LOC115484075","product uncharacterized LOC115484075","ProteinUp"
"384","LOC115484094","product uncharacterized LOC115484094","ProteinUp"
"385","LOC115484100","product uncharacterized LOC115484100","LipidUp"
"386","LOC115484124","product uncharacterized LOC115484124","LipidUp"
"387","LOC115484150","product uncharacterized protein C15orf39 homolog, transcript variant X2","LipidUp"
"388","LOC115484186","product uncharacterized LOC115484186","ProteinUp"
"389","LOC115484232","product uncharacterized LOC115484232","ProteinUp"
"390","LOC115484242","product E3 ubiquitin-protein ligase RNF115-like","LipidUp"
"391","LOC115484272","product tyrosine-protein kinase JAK3-like","LipidUp"
"392","LOC115484275","product uncharacterized LOC115484275","ProteinUp"
"393","LOC115484288","product mucin-1-like","ProteinUp"
"394","LOC115484300","product zinc finger protein 189-like","ProteinUp"
"395","LOC115484415","product protein FAM136A-like","LipidUp"
"396","LOC115484478","product uncharacterized LOC115484478","ProteinUp"
"397","LOC115484519","product uncharacterized LOC115484519, transcript variant X2","ProteinUp"
"398","LOC115484574","product uncharacterized LOC115484574, transcript variant X3","LipidUp"
"399","LOC115484580","product collagen alpha-3(IV) chain-like, transcript variant X3","ProteinUp"
"400","LOC115484595","product uncharacterized LOC115484595, transcript variant X4","LipidUp"
"401","LOC115484605","product uncharacterized LOC115484605","ProteinUp"
"402","LOC115484647","product uncharacterized LOC115484647","LipidUp"
"403","LOC115484661","product uncharacterized LOC115484661","ProteinUp"
"404","LOC115484670","product uncharacterized LOC115484670","ProteinUp"
"405","LOC115484758","product U2 spliceosomal RNA","LipidUp"
"406","LOC115484838","product uncharacterized LOC115484838","LipidUp"
"407","LOC115484860","product uncharacterized LOC115484860, transcript variant X2","LipidUp"
"408","LOC115484902","product zinc finger protein 239-like","ProteinUp"
"409","LOC115484903","product uncharacterized LOC115484903","LipidUp"
"410","LOC115484941","product uncharacterized LOC115484941","ProteinUp"
"411","LOC115484993","product protein PET117 homolog, mitochondrial","ProteinUp"
"412","LOC115485000","product uncharacterized LOC115485000","ProteinUp"
"413","LOC115485008","product gallinacin-10-like","LipidUp"
"414","LOC115485048","product protein TESPA1-like","ProteinUp"
"415","LOC115485061","product Purkinje cell protein 4-like protein 1, transcript variant X4","LipidUp"
"416","LOC115485120","product uncharacterized LOC115485120","ProteinUp"
"417","LOC115485130","product uncharacterized LOC115485130","LipidUp"
"418","LOC115485139","product serine/threonine-protein kinase PAK 3-like","ProteinUp"
"419","LOC115485140","product serine/threonine-protein kinase PAK 3-like","ProteinUp"
"420","LOC115485151","product killer cell lectin-like receptor subfamily G member 1","ProteinUp"
"421","LOC115485272","product small nucleolar RNA SNORA53","ProteinUp"
"422","LOC115485280","product uncharacterized LOC115485280","LipidUp"
"423","LOC115485281","product LOW QUALITY PROTEIN: CDK5 regulatory subunit-associated protein 3-like","LipidUp"
"424","LOC115485351","product uncharacterized LOC115485351","LipidUp"
"425","LOC115485368","product uncharacterized LOC115485368","LipidUp"
"426","LOC115485381","product plectin-like","ProteinUp"
"427","LOC115485385","product uncharacterized LOC115485385, transcript variant X3","LipidUp"
"428","LOC115485388","product uncharacterized protein LOC115485388 isoform X3","LipidUp"
"429","LOC115485401","product uncharacterized LOC115485401","ProteinUp"
"430","LOC115485443","product uncharacterized LOC115485443","ProteinUp"
"431","LOC115485444","product uncharacterized LOC115485444, transcript variant X2","LipidUp"
"432","LOC115485457","product uncharacterized protein LOC115485457 isoform X3","ProteinUp"
"433","LOC115485458","product proteoglycan 3-like","ProteinUp"
"434","LOC115485483","product uncharacterized protein LOC115485483","ProteinUp"
"435","LOC115485486","product uncharacterized LOC115485486","LipidUp"
"436","LOC115485487","product uncharacterized LOC115485487","LipidUp"
"437","LOC115485489","product uncharacterized LOC115485489, transcript variant X2","ProteinUp"
"438","LOC115485494","product uncharacterized LOC115485494","ProteinUp"
"439","LOC115485505","product small nucleolar RNA SNORA23","ProteinUp"
"440","LOC115485523","product uncharacterized LOC115485523","LipidUp"
"441","LOC115485524","product uncharacterized LOC115485524","LipidUp"
"442","LOC115485526","product uncharacterized LOC115485526","ProteinUp"
"443","LOC115485573","product potassium-transporting ATPase alpha chain 2-like","LipidUp"
"444","LOC115485575","product zinc finger protein ubi-d4-like","LipidUp"
"445","LPL","product lipoprotein lipase","ProteinUp"
"446","LTC4S","product leukotriene C4 synthase, transcript variant X2","ProteinUp"
"447","LYPD6B","product ly6/PLAUR domain-containing protein 6B isoform X2","ProteinUp"
"448","LYSMD1","product LysM domain containing 1, transcript variant X2","LipidUp"
"449","LYSMD3","product LysM domain containing 3","ProteinUp"
"450","MAST3","product microtubule-associated serine/threonine-protein kinase 3 isoform X3","LipidUp"
"451","MAT1A","product S-adenosylmethionine synthase","ProteinUp"
"452","MCCC2","product methylcrotonoyl-CoA carboxylase beta chain, mitochondrial","ProteinUp"
"453","MEAK7","product MTOR-associated protein MEAK7","ProteinUp"
"454","MED10","product mediator of RNA polymerase II transcription subunit 10","ProteinUp"
"455","MEIS2","product Meis homeobox 2","ProteinUp"
"456","METTL23","product methyltransferase-like protein 23","LipidUp"
"457","METTL26","product methyltransferase like 26, transcript variant X3","ProteinUp"
"458","METTL8","product methyltransferase-like protein 8 isoform X4","LipidUp"
"459","METTL9","product methyltransferase-like protein 9 isoform X3","ProteinUp"
"460","MFSD8","product major facilitator superfamily domain-containing protein 8","LipidUp"
"461","MIPEP","product mitochondrial intermediate peptidase","ProteinUp"
"462","MKKS","product McKusick-Kaufman syndrome, transcript variant X9","ProteinUp"
"463","MLH1","product mutL homolog 1, transcript variant X4","ProteinUp"
"464","MOSPD1","product motile sperm domain-containing protein 1","ProteinUp"
"465","MOSPD2","product motile sperm domain-containing protein 2 isoform X2","ProteinUp"
"466","MPND","product MPN domain containing","LipidUp"
"467","MPP5","product membrane palmitoylated protein 5","ProteinUp"
"468","MPST","product mercaptopyruvate sulfurtransferase, transcript variant X2","ProteinUp"
"469","MPZ","product myelin protein zero","ProteinUp"
"470","MRM1","product rRNA methyltransferase 1, mitochondrial","ProteinUp"
"471","MRPL19","product mitochondrial ribosomal protein L19","ProteinUp"
"472","MRPL22","product mitochondrial ribosomal protein L22","ProteinUp"
"473","MRPL46","product mitochondrial ribosomal protein L46","ProteinUp"
"474","MRPL53","product mitochondrial ribosomal protein L53, transcript variant X2","ProteinUp"
"475","MRPS18A","product mitochondrial ribosomal protein S18A","ProteinUp"
"476","MRPS9","product mitochondrial ribosomal protein S9","ProteinUp"
"477","MSTO1","product protein misato homolog 1","ProteinUp"
"478","MTAP","product S-methyl-5'-thioadenosine phosphorylase","ProteinUp"
"479","MTFR2","product mitochondrial fission regulator 2","ProteinUp"
"480","MTG2","product mitochondrial ribosome-associated GTPase 2","ProteinUp"
"481","MTIF3","product translation initiation factor IF-3, mitochondrial","ProteinUp"
"482","MTRES1","product uncharacterized protein C6orf203 homolog","ProteinUp"
"483","MYB","product transcriptional activator Myb","LipidUp"
"484","MYH11","product myosin heavy chain 11, transcript variant X4","ProteinUp"
"485","N4BP2L1","product NEDD4 binding protein 2 like 1","ProteinUp"
"486","NADK2","product NAD kinase 2, mitochondrial","ProteinUp"
"487","NBN","product nibrin, transcript variant X2","ProteinUp"
"488","NCALD","product neurocalcin-delta","LipidUp"
"489","NCKAP5L","product NCK associated protein 5 like","LipidUp"
"490","NDUFA4","product NDUFA4 mitochondrial complex associated","ProteinUp"
"491","NDUFS1","product NADH:ubiquinone oxidoreductase core subunit S1","ProteinUp"
"492","NDUFS3","product NADH:ubiquinone oxidoreductase core subunit S3","ProteinUp"
"493","NEDD1","product protein NEDD1","ProteinUp"
"494","NEK2","product serine/threonine-protein kinase Nek2","ProteinUp"
"495","NFATC1","product nuclear factor of activated T-cells, cytoplasmic 1 isoform X3","LipidUp"
"496","NFKBIE","product NFKB inhibitor epsilon","ProteinUp"
"497","NFXL1","product nuclear transcription factor, X-box binding like 1","LipidUp"
"498","NLRC5","product protein NLRC5 isoform X2","ProteinUp"
"499","NMB","product neuromedin B, transcript variant X2","ProteinUp"
"500","NME5","product nucleoside diphosphate kinase homolog 5 isoform X4","LipidUp"
"501","NME6","product nucleoside diphosphate kinase 6 isoform X2","ProteinUp"
"502","NME9","product thioredoxin domain-containing protein 6 isoform X3","ProteinUp"
"503","NMRK2","product nicotinamide riboside kinase 2","ProteinUp"
"504","NOP16","product nucleolar protein 16","ProteinUp"
"505","NOS2","product nitric oxide synthase, inducible","ProteinUp"
"506","NPHP1","product nephrocystin-1","ProteinUp"
"507","NQO2","product ribosyldihydronicotinamide dehydrogenase [quinone] isoform X2","ProteinUp"
"508","NSD1","product nuclear receptor binding SET domain protein 1","LipidUp"
"509","NSMCE4A","product NSE4 homolog A, SMC5-SMC6 complex component","ProteinUp"
"510","NT5C","product 5', 3'-nucleotidase, cytosolic","ProteinUp"
"511","NTPCR","product nucleoside-triphosphatase, cancer-related, transcript variant X4","ProteinUp"
"512","NTSR1","product neurotensin receptor type 1","ProteinUp"
"513","NUDT2","product nudix hydrolase 2, transcript variant X8","LipidUp"
"514","NUP62CL","product nucleoporin 62 C-terminal like, transcript variant X2","LipidUp"
"515","NUSAP1","product nucleolar and spindle associated protein 1, transcript variant X2","ProteinUp"
"516","OIT3","product oncoprotein-induced transcript 3 protein","ProteinUp"
"517","OLFML2A","product olfactomedin-like protein 2A","LipidUp"
"518","ORC5","product origin recognition complex subunit 5, transcript variant X5","ProteinUp"
"519","OSBPL10","product oxysterol-binding protein-related protein 10","ProteinUp"
"520","OSBPL9","product oxysterol-binding protein-related protein 9 isoform X5","ProteinUp"
"521","OXNAD1","product oxidoreductase NAD-binding domain-containing protein 1 isoform X4","ProteinUp"
"522","PACC1","product proton activated chloride channel 1","ProteinUp"
"523","PAIP1","product polyadenylate-binding protein-interacting protein 1 isoform X2","ProteinUp"
"524","PAK5","product serine/threonine-protein kinase PAK 5","ProteinUp"
"525","PALB2","product partner and localizer of BRCA2, transcript variant X4","ProteinUp"
"526","PAM","product peptidylglycine alpha-amidating monooxygenase, transcript variant X7","ProteinUp"
"527","PARPBP","product PCNA-interacting partner isoform X3","ProteinUp"
"528","PCBP4","product poly(rC) binding protein 4, transcript variant X5","ProteinUp"
"529","PCGF5","product polycomb group RING finger protein 5 isoform X2","ProteinUp"
"530","PCSK2","product proprotein convertase subtilisin/kexin type 2, transcript variant X2","LipidUp"
"531","PCTP","product phosphatidylcholine transfer protein, transcript variant X2","ProteinUp"
"532","PCYOX1","product prenylcysteine oxidase 1","LipidUp"
"533","PDGFRL","product platelet derived growth factor receptor like, transcript variant X3","ProteinUp"
"534","PDP2","product pyruvate dehyrogenase phosphatase catalytic subunit 2, transcript variant X4","ProteinUp"
"535","PERCC1","product proline and glutamate rich with coiled coil 1","LipidUp"
"536","PEX2","product peroxisome biogenesis factor 2","ProteinUp"
"537","PEX5","product peroxisomal biogenesis factor 5, transcript variant X2","ProteinUp"
"538","PFDN4","product prefoldin subunit 4","ProteinUp"
"539","PHGDH","product phosphoglycerate dehydrogenase","ProteinUp"
"540","PHLDA3","product pleckstrin homology-like domain family A member 3","LipidUp"
"541","PHOSPHO2","product pyridoxal phosphate phosphatase PHOSPHO2","ProteinUp"
"542","PIP5K1B","product phosphatidylinositol-4-phosphate 5-kinase type 1 beta, transcript variant X6","ProteinUp"
"543","PITPNM2","product phosphatidylinositol transfer protein membrane associated 2","LipidUp"
"544","PLK1","product serine/threonine-protein kinase PLK1","ProteinUp"
"545","PLLP","product plasmolipin","LipidUp"
"546","POLR3D","product RNA polymerase III subunit D, transcript variant X2","ProteinUp"
"547","POT1","product protection of telomeres protein 1","LipidUp"
"548","PPA2","product inorganic pyrophosphatase 2, mitochondrial","ProteinUp"
"549","PPP1R3G","product protein phosphatase 1 regulatory subunit 3G","LipidUp"
"550","PRMT7","product protein arginine N-methyltransferase 7","ProteinUp"
"551","PRMT9","product protein arginine N-methyltransferase 9","ProteinUp"
"552","PRORP","product protein only RNase P catalytic subunit, transcript variant X3","ProteinUp"
"553","PRR7","product proline-rich protein 7","ProteinUp"
"554","PTCRA","product pre T-cell antigen receptor alpha","ProteinUp"
"555","PTMS","product parathymosin","LipidUp"
"556","PTPMT1","product protein tyrosine phosphatase mitochondrial 1","ProteinUp"
"557","PUDP","product pseudouridine-5'-phosphatase","ProteinUp"
"558","PUS7","product pseudouridylate synthase 7 homolog","ProteinUp"
"559","RAB15","product RAB15, member RAS oncogene family","LipidUp"
"560","RAB44","product ras-related protein Rab-44","LipidUp"
"561","RAD51C","product RAD51 paralog C","ProteinUp"
"562","RALGPS2","product ras-specific guanine nucleotide-releasing factor RalGPS2 isoform X2","ProteinUp"
"563","RAPGEFL1","product Rap guanine nucleotide exchange factor like 1","ProteinUp"
"564","RAPSN","product receptor associated protein of the synapse","ProteinUp"
"565","RBBP7","product RB binding protein 7, chromatin remodeling factor, transcript variant X2","ProteinUp"
"566","RBM44","product RNA-binding protein 44","ProteinUp"
"567","REM1","product RRAD and GEM like GTPase 1","LipidUp"
"568","RENBP","product renin binding protein","LipidUp"
"569","REPS2","product ralBP1-associated Eps domain-containing protein 2 isoform X2","ProteinUp"
"570","RFC1","product replication factor C subunit 1","ProteinUp"
"571","RFK","product riboflavin kinase","ProteinUp"
"572","RHOBTB3","product rho-related BTB domain-containing protein 3","ProteinUp"
"573","RHPN2","product rhophilin Rho GTPase binding protein 2","ProteinUp"
"574","RINT1","product RAD50 interactor 1, transcript variant X2","ProteinUp"
"575","RIOK3","product serine/threonine-protein kinase RIO3","ProteinUp"
"576","RIPPLY2","product ripply transcriptional repressor 2","ProteinUp"
"577","RNASEL","product ribonuclease L","ProteinUp"
"578","RND3","product Rho family GTPase 3","ProteinUp"
"579","RNF123","product ring finger protein 123","ProteinUp"
"580","RNF138","product ring finger protein 138, transcript variant X3","ProteinUp"
"581","RNF144B","product ring finger protein 144B, transcript variant X2","ProteinUp"
"582","RPAP2","product RNA polymerase II associated protein 2, transcript variant X3","ProteinUp"
"583","RPAP3","product RNA polymerase II associated protein 3, transcript variant X3","ProteinUp"
"584","RPF1","product ribosome production factor 1 homolog","ProteinUp"
"585","RPL7L1","product ribosomal protein L7 like 1","ProteinUp"
"586","RPP30","product ribonuclease P protein subunit p30 isoform X2","ProteinUp"
"587","RPP40","product ribonuclease P protein subunit p40 isoform X2","ProteinUp"
"588","RPS27L","product ribosomal protein S27 like","ProteinUp"
"589","RRH","product visual pigment-like receptor peropsin","LipidUp"
"590","RRM2B","product ribonucleotide reductase regulatory TP53 inducible subunit M2B, transcript variant X3","ProteinUp"
"591","RTCA","product RNA 3'-terminal phosphate cyclase","LipidUp"
"592","RTN4IP1","product reticulon-4-interacting protein 1, mitochondrial","ProteinUp"
"593","RUNDC3A","product RUN domain-containing protein 3A isoform X2","ProteinUp"
"594","RYBP","product RING1 and YY1-binding protein","ProteinUp"
"595","S100A11","product S100 calcium binding protein A11","ProteinUp"
"596","SAMM50","product sorting and assembly machinery component 50 homolog","ProteinUp"
"597","SCRT2","product transcriptional repressor scratch 2","LipidUp"
"598","SEC61G","product SEC61 translocon gamma subunit, transcript variant X4","ProteinUp"
"599","SELENOK","product selenoprotein K, transcript variant X2","ProteinUp"
"600","SEMA4C","product semaphorin 4C","ProteinUp"
"601","SETD4","product SET domain-containing protein 4 isoform X4","ProteinUp"
"602","SETD7","product SET domain containing 7, histone lysine methyltransferase","ProteinUp"
"603","SFXN2","product sideroflexin 2, transcript variant X8","ProteinUp"
"604","SH2D1A","product SH2 domain-containing protein 1A isoform X2","LipidUp"
"605","SH2D1B","product SH2 domain-containing protein 1B","ProteinUp"
"606","SH3GLB1","product SH3 domain containing GRB2 like, endophilin B1","ProteinUp"
"607","SHPK","product sedoheptulokinase","LipidUp"
"608","SIVA1","product SIVA1 apoptosis inducing factor, transcript variant X3","ProteinUp"
"609","SKA1","product spindle and kinetochore-associated protein 1","LipidUp"
"610","SLC10A4","product solute carrier family 10 member 4","ProteinUp"
"611","SLC12A5","product solute carrier family 12 member 5","ProteinUp"
"612","SLC24A4","product solute carrier family 24 member 4, transcript variant X3","ProteinUp"
"613","SLC25A15","product solute carrier family 25 member 15, transcript variant X2","ProteinUp"
"614","SLC25A21","product solute carrier family 25 member 21, transcript variant X3","ProteinUp"
"615","SLC25A30","product solute carrier family 25 member 30, transcript variant X2","ProteinUp"
"616","SLC25A34","product solute carrier family 25 member 34","ProteinUp"
"617","SLC25A40","product solute carrier family 25 member 40, transcript variant X2","LipidUp"
"618","SLC2A10","product solute carrier family 2 member 10, transcript variant X2","ProteinUp"
"619","SLC35F6","product solute carrier family 35 member F6","ProteinUp"
"620","SLC35G1","product solute carrier family 35 member G1","ProteinUp"
"621","SLC37A3","product sugar phosphate exchanger 3 isoform X2","ProteinUp"
"622","SLC39A8","product zinc transporter ZIP8","ProteinUp"
"623","SLC4A4","product solute carrier family 4 member 4, transcript variant X7","ProteinUp"
"624","SLTM","product SAFB like transcription modulator, transcript variant X3","LipidUp"
"625","SMAD6","product SMAD family member 6","LipidUp"
"626","SMDT1","product single-pass membrane protein with aspartate rich tail 1","ProteinUp"
"627","SMIM11A","product small integral membrane protein 11A, transcript variant X2","LipidUp"
"628","SMIM3","product small integral membrane protein 3, transcript variant X2","ProteinUp"
"629","SMO","product smoothened, frizzled class receptor","LipidUp"
"630","SMS","product spermine synthase","ProteinUp"
"631","SNAPC1","product snRNA-activating protein complex subunit 1","ProteinUp"
"632","SORD","product sorbitol dehydrogenase","LipidUp"
"633","SOWAHC","product sosondowah ankyrin repeat domain family member C","ProteinUp"
"634","SOX4","product transcription factor SOX-4","LipidUp"
"635","SPECC1L","product sperm antigen with calponin homology and coiled-coil domains 1 like, transcript variant X5","ProteinUp"
"636","SQSTM1","product sequestosome 1, transcript variant X2","LipidUp"
"637","SRP19","product signal recognition particle 19 kDa protein","ProteinUp"
"638","SST","product somatostatin","LipidUp"
"639","ST8SIA6","product ST8 alpha-N-acetyl-neuraminide alpha-2,8-sialyltransferase 6, transcript variant X2","LipidUp"
"640","STRIP2","product striatin-interacting protein 2","ProteinUp"
"641","STYXL1","product serine/threonine/tyrosine-interacting-like protein 1 isoform X2","LipidUp"
"642","SYCP1","product synaptonemal complex protein 1","ProteinUp"
"643","SZT2","product SZT2 subunit of KICSTOR complex, transcript variant X7","LipidUp"
"644","TAF1B","product TATA-box binding protein associated factor, RNA polymerase I subunit B","ProteinUp"
"645","TAF1D","product TATA-box binding protein associated factor, RNA polymerase I subunit D, transcript variant X4","ProteinUp"
"646","TBC1D24","product TBC1 domain family member 24, transcript variant X3","ProteinUp"
"647","TCTN3","product tectonic family member 3","ProteinUp"
"648","TECTA","product tectorin alpha","LipidUp"
"649","TEX36","product testis-expressed protein 36 isoform X2","LipidUp"
"650","TFDP2","product transcription factor Dp-2, transcript variant X3","ProteinUp"
"651","TGDS","product TDP-glucose 4,6-dehydratase","ProteinUp"
"652","TGM2","product transglutaminase 2","ProteinUp"
"653","THEMIS","product thymocyte selection associated","LipidUp"
"654","THOC1","product THO complex subunit 1 isoform X3","ProteinUp"
"655","TIAM2","product T-lymphoma invasion and metastasis-inducing protein 2 isoform X4","ProteinUp"
"656","TMA16","product translation machinery-associated protein 16 isoform X2","ProteinUp"
"657","TMEM100","product transmembrane protein 100, transcript variant X9","ProteinUp"
"658","TMEM132B","product transmembrane protein 132B","LipidUp"
"659","TMEM150C","product transmembrane protein 150C, transcript variant X5","ProteinUp"
"660","TMEM177","product transmembrane protein 177, transcript variant X9","ProteinUp"
"661","TMEM229B","product transmembrane protein 229B, transcript variant X9","LipidUp"
"662","TMEM260","product transmembrane protein 260, transcript variant X3","ProteinUp"
"663","TMEM35B","product transmembrane protein 35B","ProteinUp"
"664","TNFSF11","product tumor necrosis factor ligand superfamily member 11","LipidUp"
"665","TNIP1","product TNFAIP3 interacting protein 1, transcript variant X4","ProteinUp"
"666","TNS2","product tensin-2","LipidUp"
"667","TOX2","product TOX high mobility group box family member 2","LipidUp"
"668","TPBG","product trophoblast glycoprotein","LipidUp"
"669","TRIB2","product tribbles pseudokinase 2","ProteinUp"
"670","TRMT112","product tRNA methyltransferase subunit 11-2","LipidUp"
"671","TSPAN6","product tetraspanin-6","LipidUp"
"672","TST","product thiosulfate sulfurtransferase","ProteinUp"
"673","TTC33","product tetratricopeptide repeat protein 33","LipidUp"
"674","TTC9","product tetratricopeptide repeat domain 9","ProteinUp"
"675","TTPA","product alpha-tocopherol transfer protein","ProteinUp"
"676","TUBD1","product tubulin delta chain isoform X2","LipidUp"
"677","TXNDC12","product thioredoxin domain-containing protein 12","ProteinUp"
"678","UBA5","product ubiquitin-like modifier-activating enzyme 5","ProteinUp"
"679","UBASH3A","product ubiquitin-associated and SH3 domain-containing protein A","LipidUp"
"680","UBE3D","product ubiquitin protein ligase E3D, transcript variant X3","ProteinUp"
"681","UBXN2B","product UBX domain protein 2B","LipidUp"
"682","UCHL3","product ubiquitin C-terminal hydrolase L3","ProteinUp"
"683","UFL1","product UFM1 specific ligase 1","ProteinUp"
"684","UFSP2","product ufm1-specific protease 2","ProteinUp"
"685","UMAD1","product UBAP1-MVB12-associated (UMA)-domain containing protein 1","ProteinUp"
"686","UNC45A","product unc-45 myosin chaperone A","LipidUp"
"687","UPP1","product uridine phosphorylase 1, transcript variant X8","ProteinUp"
"688","UVSSA","product UV stimulated scaffold protein A, transcript variant X2","ProteinUp"
"689","VAMP1","product vesicle associated membrane protein 1","ProteinUp"
"690","VAMP3","product vesicle associated membrane protein 3, transcript variant X2","ProteinUp"
"691","VDAC1","product voltage-dependent anion-selective channel protein 1","ProteinUp"
"692","VPREB3","product V-set pre-B cell surrogate light chain 3","LipidUp"
"693","VPS16","product VPS16 core subunit of CORVET and HOPS complexes","LipidUp"
"694","VPS33B","product VPS33B late endosome and lysosome associated","LipidUp"
"695","VPS41","product VPS41 subunit of HOPS complex, transcript variant X2","ProteinUp"
"696","VSTM2B","product V-set and transmembrane domain-containing protein 2B","ProteinUp"
"697","WARS2","product tryptophanyl tRNA synthetase 2, mitochondrial, transcript variant X2","ProteinUp"
"698","WDR19","product WD repeat domain 19, transcript variant X2","ProteinUp"
"699","WDR73","product WD repeat domain 73, transcript variant X2","ProteinUp"
"700","WFS1","product wolframin isoform X2","ProteinUp"
"701","XAB2","product XPA binding protein 2","LipidUp"
"702","XPC","product XPC complex subunit, DNA damage recognition and repair factor","ProteinUp"
"703","XRCC4","product X-ray repair cross complementing 4, transcript variant X2","ProteinUp"
"704","ZBED1","product zinc finger BED-type containing 1, transcript variant X3","ProteinUp"
"705","ZC3H12A","product zinc finger CCCH-type containing 12A","LipidUp"
"706","ZC3H12D","product zinc finger CCCH-type containing 12D","LipidUp"
"707","ZDHHC13","product zinc finger DHHC-type containing 13, transcript variant X2","ProteinUp"
"708","ZFAND1","product zinc finger AN1-type containing 1","ProteinUp"
"709","ZNRD1","product zinc ribbon domain containing 1","LipidUp"
